{"cameraMode":{"drawMode":0,"name":"Shaded","section":"Shading Mode"},"sceneLighting":true,"audioPlay":false,"sceneViewState":{"m_AlwaysRefresh":false,"showFog":true,"showSkybox":true,"showFlares":true,"showImageEffects":true,"showParticleSystems":true,"showVisualEffectGraphs":true,"m_FxEnabled":true},"in2DMode":false,"pivot":{"x":-29.32242202758789,"y":32.796669006347659,"z":32.19330978393555},"rotation":{"x":-0.028055205941200258,"y":-0.3780781626701355,"z":0.011457783170044423,"w":-0.9252854585647583},"size":5.436121940612793,"orthographic":true}