{"cameraMode":{"drawMode":0,"name":"Shaded","section":"Shading Mode"},"sceneLighting":true,"audioPlay":false,"sceneViewState":{"m_AlwaysRefresh":false,"showFog":true,"showSkybox":true,"showFlares":true,"showImageEffects":true,"showParticleSystems":true,"showVisualEffectGraphs":true,"m_FxEnabled":true},"in2DMode":false,"pivot":{"x":455.46038818359377,"y":147.25970458984376,"z":-378.62945556640627},"rotation":{"x":-0.00018740507948677987,"y":0.9995397925376892,"z":-0.006306843366473913,"w":-0.029694130644202234},"size":532.0399169921875,"orthographic":false}